,VADER_COM,VADER_POS,TextBlob_Subjectivity,TextBlob_Polarity,pos_score,neg_score,HT_pos_neg
count,254630.0,218618.0,223023.0,223023.0,11764.0,25770.0,37534.0
mean,0.3278293268664367,0.17315478139952845,0.5087864791599098,0.21695271068369884,0.7139778744881553,0.7400392401331749,-0.2843175654807177
std,0.4804917201928016,0.10253832137240532,0.21682039109829226,0.29392650111284796,0.14595833155465954,0.15458791016402,0.6914050440663856
min,-0.9995,0.008,0.0,-1.0,0.3380969762802124,0.3365415036678314,-0.9755285382270812
25%,0.0772,0.099,0.3666666666666666,0.0625,0.5866243839263916,0.6014040559530258,-0.8121835291385651
50%,0.4404,0.149,0.5,0.2,0.7180666327476501,0.7597964406013489,-0.6156895458698273
75%,0.7003,0.225,0.6333333333333333,0.4,0.8437311053276062,0.8812314420938492,0.5650318264961243
max,0.9998,0.88,1.0,1.0,0.957891583442688,0.9755285382270812,0.957891583442688
